method,model,variant,scope_type,scope,n_subjects,n_clips,n_folds,best_hp,f1_macro_03,f1_macro_03_std,f1_macro_02,f1_macro_02_std,f1_weighted,f1_weighted_std,accuracy,accuracy_std,mae,mae_std,qwk,qwk_std,spearman,spearman_std,source_file
loso,videomae,default,dataset (LOSO-fold-aggregated),3DGait,43.0,210.0,43.0,,0.4693,0.4303,0.5423,0.4337,0.4956,0.435,0.5,0.4262,0.6444,0.4893,0.4258,0.2974,0.4581,,outputs/runs/full_2026-06-18/results/loso/videomae/results_videomae_loso_20260618_160538.json
loso,videomae,default,dataset (LOSO-fold-aggregated),BMClab,23.0,893.0,23.0,,0.5809,0.3404,0.5809,0.3123,0.612,0.3112,0.611,0.3152,0.6662,0.311,0.214,0.0954,0.2968,,outputs/runs/full_2026-06-18/results/loso/videomae/results_videomae_loso_20260618_160538.json
loso,videomae,default,dataset (LOSO-fold-aggregated),PD-GaM,30.0,2401.0,30.0,,0.6538,0.138,0.6171,0.1399,0.6465,0.1397,0.6471,0.1423,0.44,0.1467,0.5508,0.2088,0.5948,,outputs/runs/full_2026-06-18/results/loso/videomae/results_videomae_loso_20260618_160538.json
loso,videomae,default,dataset (LOSO-fold-aggregated),T-SDU-PD,14.0,931.0,14.0,,0.4115,0.2239,0.4115,0.2561,0.4233,0.247,0.4199,0.248,0.7454,0.1449,0.2662,0.0841,0.3334,,outputs/runs/full_2026-06-18/results/loso/videomae/results_videomae_loso_20260618_160538.json
loso,videomae,lora,dataset (LOSO-fold-aggregated),3DGait,43.0,210.0,43.0,,0.4159,0.408,0.4805,0.4182,0.4326,0.417,0.4333,0.4074,0.6222,0.4649,0.5063,0.3422,0.5518,,outputs/runs/full_2026-06-18/results/loso/videomae_lora/results_videomae_loso_20260621_155431.json
loso,videomae,lora,dataset (LOSO-fold-aggregated),BMClab,23.0,893.0,23.0,,0.5607,0.3034,0.5607,0.3151,0.5921,0.3123,0.5905,0.3192,0.638,0.3192,0.2651,0.1025,0.3128,,outputs/runs/full_2026-06-18/results/loso/videomae_lora/results_videomae_loso_20260621_155431.json
loso,videomae,lora,dataset (LOSO-fold-aggregated),PD-GaM,30.0,2401.0,30.0,,0.6029,0.1281,0.5947,0.1421,0.6219,0.1401,0.6224,0.1391,0.4529,0.1575,0.5383,0.2302,0.578,,outputs/runs/full_2026-06-18/results/loso/videomae_lora/results_videomae_loso_20260621_155431.json
loso,videomae,lora,dataset (LOSO-fold-aggregated),T-SDU-PD,14.0,931.0,14.0,,0.3975,0.2234,0.3975,0.2568,0.4121,0.2447,0.4094,0.243,0.79,0.1801,0.2276,0.1037,0.3144,,outputs/runs/full_2026-06-18/results/loso/videomae_lora/results_videomae_loso_20260621_155431.json
loso,dinov2,default,dataset (LOSO-fold-aggregated),3DGait,43.0,210.0,43.0,"{""hidden_size"": 256, ""dropout"": 0.2, ""learning_rate"": 0.0005}",0.2903,0.3662,0.3567,0.3898,0.3776,0.3892,0.3889,0.3725,0.8778,0.7294,0.1033,0.2606,0.2835,,outputs/runs/full_2026-06-18/results/loso/dinov2_bilstm/results_dinov2_loso_20260618_142414.json
loso,dinov2,default,dataset (LOSO-fold-aggregated),BMClab,23.0,893.0,23.0,"{""hidden_size"": 256, ""dropout"": 0.2, ""learning_rate"": 0.0005}",0.5534,0.3174,0.5534,0.3322,0.5899,0.3322,0.5866,0.3275,0.5019,0.42,0.433,0.2271,0.5146,,outputs/runs/full_2026-06-18/results/loso/dinov2_bilstm/results_dinov2_loso_20260618_142414.json
loso,dinov2,default,dataset (LOSO-fold-aggregated),PD-GaM,30.0,2401.0,30.0,"{""hidden_size"": 256, ""dropout"": 0.2, ""learning_rate"": 0.0005}",0.6554,0.1746,0.6314,0.1614,0.664,0.1659,0.6641,0.1647,0.3412,0.17,0.676,0.2476,0.6927,,outputs/runs/full_2026-06-18/results/loso/dinov2_bilstm/results_dinov2_loso_20260618_142414.json
loso,dinov2,default,dataset (LOSO-fold-aggregated),T-SDU-PD,14.0,931.0,14.0,"{""hidden_size"": 128, ""dropout"": 0.2, ""learning_rate"": 0.0005}",0.3694,0.2436,0.3694,0.3074,0.3445,0.3139,0.3648,0.2956,0.6824,0.3547,0.3946,0.1011,0.5149,,outputs/runs/full_2026-06-18/results/loso/dinov2_bilstm/results_dinov2_loso_20260618_142414.json
loso,vjepa,default,dataset (LOSO-fold-aggregated),3DGait,43.0,210.0,43.0,,0.3146,0.3972,0.4195,0.4059,0.389,0.4084,0.4,0.3982,0.6667,0.5124,0.4521,0.3802,0.5224,,outputs/runs/full_2026-06-18/results/loso/vjepa/results_vjepa_loso_20260618_135442.json
loso,vjepa,default,dataset (LOSO-fold-aggregated),BMClab,23.0,893.0,23.0,,0.566,0.2008,0.566,0.295,0.5866,0.295,0.5892,0.3032,0.5944,0.24,0.3551,0.145,0.4041,,outputs/runs/full_2026-06-18/results/loso/vjepa/results_vjepa_loso_20260618_135442.json
loso,vjepa,default,dataset (LOSO-fold-aggregated),PD-GaM,30.0,2401.0,30.0,,0.5988,0.1539,0.6079,0.1458,0.6305,0.1397,0.6324,0.138,0.4312,0.1476,0.5499,0.2136,0.5832,,outputs/runs/full_2026-06-18/results/loso/vjepa/results_vjepa_loso_20260618_135442.json
loso,vjepa,default,dataset (LOSO-fold-aggregated),T-SDU-PD,14.0,931.0,14.0,,0.4194,0.1023,0.4194,0.2304,0.438,0.2226,0.4331,0.1981,0.8084,0.1682,0.1195,0.0823,0.2215,,outputs/runs/full_2026-06-18/results/loso/vjepa/results_vjepa_loso_20260618_135442.json
loso,vjepa2,default,dataset (LOSO-fold-aggregated),3DGait,43.0,210.0,43.0,,0.3962,0.3634,0.4394,0.3924,0.4199,0.3856,0.4222,0.367,0.6778,0.5314,0.4515,0.4192,0.4917,,outputs/runs/full_2026-06-18/results/loso/vjepa2/results_vjepa_loso_20260624_132913.json
loso,vjepa2,default,dataset (LOSO-fold-aggregated),BMClab,23.0,893.0,23.0,,0.5786,0.2727,0.5786,0.3082,0.5968,0.3072,0.5982,0.3012,0.6406,0.3367,0.2379,0.1682,0.2837,,outputs/runs/full_2026-06-18/results/loso/vjepa2/results_vjepa_loso_20260624_132913.json
loso,vjepa2,default,dataset (LOSO-fold-aggregated),PD-GaM,30.0,2401.0,30.0,,0.6552,0.1444,0.6162,0.1468,0.6396,0.1369,0.64,0.137,0.3918,0.1536,0.6131,0.2134,0.6375,,outputs/runs/full_2026-06-18/results/loso/vjepa2/results_vjepa_loso_20260624_132913.json
loso,vjepa2,default,dataset (LOSO-fold-aggregated),T-SDU-PD,14.0,931.0,14.0,,0.417,0.2115,0.417,0.2744,0.4269,0.2473,0.4304,0.2582,0.6535,0.2437,0.2948,0.1727,0.419,,outputs/runs/full_2026-06-18/results/loso/vjepa2/results_vjepa_loso_20260624_132913.json
loso,vjepa2,64f,dataset (LOSO-fold-aggregated),3DGait,43.0,210.0,43.0,,0.4449,0.4007,0.4599,0.399,0.4446,0.4066,0.4444,0.3959,0.5889,0.4687,0.5129,0.4613,0.5879,,outputs/runs/full_2026-06-18/results/loso/vjepa2_64f/results_vjepa_loso_20260618_140444.json
loso,vjepa2,64f,dataset (LOSO-fold-aggregated),BMClab,23.0,893.0,23.0,,0.5521,0.219,0.5521,0.3405,0.5688,0.3399,0.57,0.3386,0.62,0.2879,0.3783,0.1643,0.3982,,outputs/runs/full_2026-06-18/results/loso/vjepa2_64f/results_vjepa_loso_20260618_140444.json
loso,vjepa2,64f,dataset (LOSO-fold-aggregated),PD-GaM,30.0,2401.0,30.0,,0.6411,0.1287,0.6159,0.1311,0.6406,0.1258,0.6418,0.1278,0.3671,0.1569,0.6557,0.2108,0.6625,,outputs/runs/full_2026-06-18/results/loso/vjepa2_64f/results_vjepa_loso_20260618_140444.json
loso,vjepa2,64f,dataset (LOSO-fold-aggregated),T-SDU-PD,14.0,931.0,14.0,,0.401,0.2789,0.401,0.2686,0.4205,0.2487,0.4094,0.2774,0.7139,0.2889,0.2129,0.0802,0.3253,,outputs/runs/full_2026-06-18/results/loso/vjepa2_64f/results_vjepa_loso_20260618_140444.json
lodo,videomae,default,held-out dataset (single split),3DGait,,210.0,,,0.3654,,0.4871,,0.458,,0.4667,,0.6444,,0.3492,,0.5905,,outputs/runs/full_2026-06-18/results/lodo/videomae/results_videomae_lodo_20260618_163859.json
lodo,videomae,default,overall (mean over held-out datasets),ALL (LODO mean),,,4.0,,0.3145,0.032,0.3812,0.0886,0.3814,0.0626,0.4197,0.0326,0.7005,0.0896,0.2646,0.0976,0.4029,0.1178,outputs/runs/full_2026-06-18/results/lodo/videomae/results_videomae_lodo_20260618_163859.json
lodo,videomae,default,held-out dataset (single split),BMClab,,893.0,,,0.3152,,0.4203,,0.4235,,0.4288,,0.7535,,0.1481,,0.2832,,outputs/runs/full_2026-06-18/results/lodo/videomae/results_videomae_lodo_20260618_163859.json
lodo,videomae,default,held-out dataset (single split),PD-GaM,,2401.0,,,0.2979,,0.2448,,0.2995,,0.4053,,0.5876,,0.3724,,0.4116,,outputs/runs/full_2026-06-18/results/lodo/videomae/results_videomae_lodo_20260618_163859.json
lodo,videomae,default,held-out dataset (single split),T-SDU-PD,,931.0,,,0.2794,,0.3725,,0.3447,,0.378,,0.8163,,0.1887,,0.3261,,outputs/runs/full_2026-06-18/results/lodo/videomae/results_videomae_lodo_20260618_163859.json
lodo,videomae,lora,held-out dataset (single split),3DGait,,210.0,,,0.3707,,0.4942,,0.4627,,0.4667,,0.6,,0.4398,,0.5991,,outputs/runs/full_2026-06-18/results/lodo/videomae_lora/results_videomae_lodo_20260621_161709.json
lodo,videomae,lora,overall (mean over held-out datasets),ALL (LODO mean),,,4.0,,0.3076,0.0408,0.3955,0.0687,0.3936,0.0545,0.4263,0.034,0.6795,0.0517,0.2888,0.0911,0.4041,0.1152,outputs/runs/full_2026-06-18/results/lodo/videomae_lora/results_videomae_lodo_20260621_161709.json
lodo,videomae,lora,held-out dataset (single split),BMClab,,893.0,,,0.3156,,0.4209,,0.4178,,0.4288,,0.7176,,0.2042,,0.3272,,outputs/runs/full_2026-06-18/results/lodo/videomae_lora/results_videomae_lodo_20260621_161709.json
lodo,videomae,lora,held-out dataset (single split),PD-GaM,,2401.0,,,0.2792,,0.3137,,0.3799,,0.4371,,0.6682,,0.2326,,0.3122,,outputs/runs/full_2026-06-18/results/lodo/videomae_lora/results_videomae_lodo_20260621_161709.json
lodo,videomae,lora,held-out dataset (single split),T-SDU-PD,,931.0,,,0.265,,0.3533,,0.3139,,0.3727,,0.7323,,0.2786,,0.3779,,outputs/runs/full_2026-06-18/results/lodo/videomae_lora/results_videomae_lodo_20260621_161709.json
lodo,dinov2,default,held-out dataset (single split),3DGait,,210.0,,,0.3308,,0.4411,,0.4001,,0.4111,,0.8,,0.1142,,0.3186,,outputs/runs/full_2026-06-18/results/lodo/dinov2/results_dinov2_lodo_20260618_182952.json
lodo,dinov2,default,overall (mean over held-out datasets),ALL (LODO mean),,,4.0,,0.3723,0.0723,0.4254,0.044,0.4503,0.0552,0.4658,0.0679,0.6401,0.1067,0.2801,0.1132,0.3678,0.1112,outputs/runs/full_2026-06-18/results/lodo/dinov2/results_dinov2_lodo_20260618_182952.json
lodo,dinov2,default,held-out dataset (single split),BMClab,,893.0,,,0.4891,,0.4891,,0.5254,,0.5327,,0.5006,,0.4317,,0.5565,,outputs/runs/full_2026-06-18/results/lodo/dinov2/results_dinov2_lodo_20260618_182952.json
lodo,dinov2,default,held-out dataset (single split),PD-GaM,,2401.0,,,0.3714,,0.374,,0.481,,0.5335,,0.6429,,0.3059,,0.2693,,outputs/runs/full_2026-06-18/results/lodo/dinov2/results_dinov2_lodo_20260618_182952.json
lodo,dinov2,default,held-out dataset (single split),T-SDU-PD,,931.0,,,0.298,,0.3973,,0.3947,,0.3858,,0.6168,,0.2687,,0.3267,,outputs/runs/full_2026-06-18/results/lodo/dinov2/results_dinov2_lodo_20260618_182952.json
lodo,dinov2,bilstm,held-out dataset (single split),3DGait,,210.0,,,0.1515,,0.2019,,0.1857,,0.2444,,0.8889,,0.1733,,0.4227,,outputs/runs/full_2026-06-18/results/lodo/dinov2_bilstm/results_dinov2_lodo_bilstm_20260618_183135.json
lodo,dinov2,bilstm,overall (mean over held-out datasets),ALL (LODO mean),,,4.0,,0.3444,0.1266,0.3715,0.1039,0.3618,0.1031,0.4167,0.1072,0.6597,0.1441,0.3404,0.1029,0.5108,0.1133,outputs/runs/full_2026-06-18/results/lodo/dinov2_bilstm/results_dinov2_lodo_bilstm_20260618_183135.json
lodo,dinov2,bilstm,held-out dataset (single split),BMClab,,893.0,,,0.4807,,0.4807,,0.4436,,0.4878,,0.5135,,0.4387,,0.5634,,outputs/runs/full_2026-06-18/results/lodo/dinov2_bilstm/results_dinov2_lodo_bilstm_20260618_183135.json
lodo,dinov2,bilstm,held-out dataset (single split),PD-GaM,,2401.0,,,0.4309,,0.384,,0.3954,,0.5224,,0.5647,,0.4094,,0.6703,,outputs/runs/full_2026-06-18/results/lodo/dinov2_bilstm/results_dinov2_lodo_bilstm_20260618_183135.json
lodo,dinov2,bilstm,held-out dataset (single split),T-SDU-PD,,931.0,,,0.3147,,0.4196,,0.4223,,0.4121,,0.6719,,0.3401,,0.3867,,outputs/runs/full_2026-06-18/results/lodo/dinov2_bilstm/results_dinov2_lodo_bilstm_20260618_183135.json
lodo,vjepa,default,held-out dataset (single split),3DGait,,210.0,,,0.3615,,0.482,,0.4342,,0.4444,,0.5667,,0.4609,,0.5911,,outputs/runs/full_2026-06-18/results/lodo/vjepa/results_vjepa_lodo_20260618_182635.json
lodo,vjepa,default,overall (mean over held-out datasets),ALL (LODO mean),,,4.0,,0.336,0.0438,0.4315,0.0775,0.4447,0.0624,0.4551,0.0556,0.6227,0.0612,0.3503,0.0773,0.4349,0.1147,outputs/runs/full_2026-06-18/results/lodo/vjepa/results_vjepa_lodo_20260618_182635.json
lodo,vjepa,default,held-out dataset (single split),BMClab,,893.0,,,0.3948,,0.5263,,0.5484,,0.5443,,0.5584,,0.3845,,0.495,,outputs/runs/full_2026-06-18/results/lodo/vjepa/results_vjepa_lodo_20260618_182635.json
lodo,vjepa,default,held-out dataset (single split),PD-GaM,,2401.0,,,0.2953,,0.3278,,0.412,,0.4406,,0.6676,,0.2731,,0.3022,,outputs/runs/full_2026-06-18/results/lodo/vjepa/results_vjepa_lodo_20260618_182635.json
lodo,vjepa,default,held-out dataset (single split),T-SDU-PD,,931.0,,,0.2925,,0.3899,,0.3843,,0.3911,,0.6982,,0.2827,,0.3514,,outputs/runs/full_2026-06-18/results/lodo/vjepa/results_vjepa_lodo_20260618_182635.json
lodo,vjepa2,default,held-out dataset (single split),3DGait,,210.0,,,0.3225,,0.43,,0.3912,,0.4,,0.7,,0.2623,,0.4637,,outputs/runs/full_2026-06-18/results/lodo/vjepa2/results_vjepa_lodo_20260624_144306.json
lodo,vjepa2,default,overall (mean over held-out datasets),ALL (LODO mean),,,4.0,,0.2914,0.0432,0.3661,0.0402,0.3699,0.066,0.3976,0.0619,0.7581,0.0426,0.2052,0.0583,0.3639,0.0843,outputs/runs/full_2026-06-18/results/lodo/vjepa2/results_vjepa_lodo_20260624_144306.json
lodo,vjepa2,default,held-out dataset (single split),BMClab,,893.0,,,0.2453,,0.3271,,0.3162,,0.3363,,0.8023,,0.1386,,0.3103,,outputs/runs/full_2026-06-18/results/lodo/vjepa2/results_vjepa_lodo_20260624_144306.json
lodo,vjepa2,default,held-out dataset (single split),PD-GaM,,2401.0,,,0.3451,,0.3706,,0.4684,,0.4971,,0.7953,,0.1558,,0.2556,,outputs/runs/full_2026-06-18/results/lodo/vjepa2/results_vjepa_lodo_20260624_144306.json
lodo,vjepa2,default,held-out dataset (single split),T-SDU-PD,,931.0,,,0.2527,,0.3369,,0.3036,,0.357,,0.7349,,0.264,,0.426,,outputs/runs/full_2026-06-18/results/lodo/vjepa2/results_vjepa_lodo_20260624_144306.json
lodo,vjepa2,64f,held-out dataset (single split),3DGait,,210.0,,,0.3116,,0.4154,,0.3973,,0.4,,0.6,,0.4624,,0.5826,,outputs/runs/full_2026-06-18/results/lodo/vjepa2_64f/results_vjepa_lodo_20260618_182823.json
lodo,vjepa2,64f,overall (mean over held-out datasets),ALL (LODO mean),,,4.0,,0.2829,0.0438,0.349,0.0397,0.3516,0.0567,0.3791,0.0516,0.7117,0.0751,0.2937,0.1033,0.4106,0.1233,outputs/runs/full_2026-06-18/results/lodo/vjepa2_64f/results_vjepa_lodo_20260618_182823.json
lodo,vjepa2,64f,held-out dataset (single split),BMClab,,893.0,,,0.2333,,0.311,,0.2946,,0.3196,,0.6881,,0.2686,,0.4323,,outputs/runs/full_2026-06-18/results/lodo/vjepa2_64f/results_vjepa_lodo_20260618_182823.json
lodo,vjepa2,64f,held-out dataset (single split),PD-GaM,,2401.0,,,0.3391,,0.3391,,0.4182,,0.4529,,0.7924,,0.1816,,0.2364,,outputs/runs/full_2026-06-18/results/lodo/vjepa2_64f/results_vjepa_lodo_20260618_182823.json
lodo,vjepa2,64f,held-out dataset (single split),T-SDU-PD,,931.0,,,0.2478,,0.3303,,0.2962,,0.3438,,0.7664,,0.2621,,0.3912,,outputs/runs/full_2026-06-18/results/lodo/vjepa2_64f/results_vjepa_lodo_20260618_182823.json
cda,videomae,default,sourceâ†’target pair (single split),3DGait â†’ BMClab,,893.0,,,0.3593,,0.4791,,0.5231,,0.5417,,0.4827,,0.4962,,0.5191,,outputs/runs/full_2026-06-18/results/cda/videomae/results_videomae_cda_20260618_163938.json
cda,videomae,default,sourceâ†’target pair (single split),3DGait â†’ PD-GaM,,2401.0,,,0.3954,,0.3185,,0.4208,,0.4712,,0.6076,,0.3552,,0.3305,,outputs/runs/full_2026-06-18/results/cda/videomae/results_videomae_cda_20260618_163938.json
cda,videomae,default,sourceâ†’target pair (single split),3DGait â†’ T-SDU-PD,,931.0,,,0.225,,0.3,,0.2559,,0.336,,0.8766,,0.1485,,0.2126,,outputs/runs/full_2026-06-18/results/cda/videomae/results_videomae_cda_20260618_163938.json
cda,videomae,default,sourceâ†’target pair (single split),BMClab â†’ 3DGait,,210.0,,,0.4079,,0.5438,,0.4976,,0.5,,0.8444,,0.352,,0.3761,,outputs/runs/full_2026-06-18/results/cda/videomae/results_videomae_cda_20260618_163938.json
cda,videomae,default,sourceâ†’target pair (single split),BMClab â†’ PD-GaM,,2401.0,,,0.3394,,0.4525,,0.471,,0.5247,,0.7047,,0.1809,,0.1301,,outputs/runs/full_2026-06-18/results/cda/videomae/results_videomae_cda_20260618_163938.json
cda,videomae,default,sourceâ†’target pair (single split),BMClab â†’ T-SDU-PD,,931.0,,,0.4803,,0.4803,,0.4989,,0.5118,,0.8898,,0.2537,,0.3359,,outputs/runs/full_2026-06-18/results/cda/videomae/results_videomae_cda_20260618_163938.json
cda,videomae,default,sourceâ†’target pair (single split),PD-GaM â†’ 3DGait,,210.0,,,0.2885,,0.3847,,0.4026,,0.4333,,0.8222,,0.3432,,0.6132,,outputs/runs/full_2026-06-18/results/cda/videomae/results_videomae_cda_20260618_163938.json
cda,videomae,default,sourceâ†’target pair (single split),PD-GaM â†’ BMClab,,893.0,,,0.3257,,0.3257,,0.2827,,0.4095,,0.6508,,0.1615,,0.2411,,outputs/runs/full_2026-06-18/results/cda/videomae/results_videomae_cda_20260618_163938.json
cda,videomae,default,sourceâ†’target pair (single split),PD-GaM â†’ T-SDU-PD,,931.0,,,0.2753,,0.2753,,0.2483,,0.3438,,1.0814,,0.0632,,0.2301,,outputs/runs/full_2026-06-18/results/cda/videomae/results_videomae_cda_20260618_163938.json
cda,videomae,default,sourceâ†’target pair (single split),T-SDU-PD â†’ 3DGait,,210.0,,,0.251,,0.3346,,0.336,,0.3556,,0.9444,,-0.0559,,0.1245,,outputs/runs/full_2026-06-18/results/cda/videomae/results_videomae_cda_20260618_163938.json
cda,videomae,default,sourceâ†’target pair (single split),T-SDU-PD â†’ BMClab,,893.0,,,0.4351,,0.4351,,0.4611,,0.4429,,0.8241,,0.147,,0.2425,,outputs/runs/full_2026-06-18/results/cda/videomae/results_videomae_cda_20260618_163938.json
cda,videomae,default,sourceâ†’target pair (single split),T-SDU-PD â†’ PD-GaM,,2401.0,,,0.21,,0.28,,0.2534,,0.3324,,0.9035,,0.2808,,0.4583,,outputs/runs/full_2026-06-18/results/cda/videomae/results_videomae_cda_20260618_163938.json
cda,videomae,lora,sourceâ†’target pair (single split),3DGait â†’ BMClab,,893.0,,,0.3674,,0.4899,,0.5347,,0.552,,0.4865,,0.4908,,0.5072,,outputs/runs/full_2026-06-18/results/cda/videomae_lora/results_videomae_cda_20260621_161722.json
cda,videomae,lora,sourceâ†’target pair (single split),3DGait â†’ PD-GaM,,2401.0,,,0.3767,,0.3136,,0.4149,,0.4835,,0.6253,,0.3198,,0.2424,,outputs/runs/full_2026-06-18/results/cda/videomae_lora/results_videomae_cda_20260621_161722.json
cda,videomae,lora,sourceâ†’target pair (single split),3DGait â†’ T-SDU-PD,,931.0,,,0.218,,0.2907,,0.2441,,0.3307,,0.8793,,0.1118,,0.2313,,outputs/runs/full_2026-06-18/results/cda/videomae_lora/results_videomae_cda_20260621_161722.json
cda,videomae,lora,sourceâ†’target pair (single split),BMClab â†’ 3DGait,,210.0,,,0.3884,,0.5179,,0.4572,,0.4889,,0.8667,,0.296,,0.2318,,outputs/runs/full_2026-06-18/results/cda/videomae_lora/results_videomae_cda_20260621_161722.json
cda,videomae,lora,sourceâ†’target pair (single split),BMClab â†’ PD-GaM,,2401.0,,,0.2103,,0.2805,,0.3474,,0.4771,,0.7053,,0.0768,,0.0812,,outputs/runs/full_2026-06-18/results/cda/videomae_lora/results_videomae_cda_20260621_161722.json
cda,videomae,lora,sourceâ†’target pair (single split),BMClab â†’ T-SDU-PD,,931.0,,,0.4946,,0.4946,,0.5024,,0.5118,,1.0236,,0.1174,,0.2432,,outputs/runs/full_2026-06-18/results/cda/videomae_lora/results_videomae_cda_20260621_161722.json
cda,videomae,lora,sourceâ†’target pair (single split),PD-GaM â†’ 3DGait,,210.0,,,0.3281,,0.4374,,0.3908,,0.4111,,0.7333,,0.4391,,0.5548,,outputs/runs/full_2026-06-18/results/cda/videomae_lora/results_videomae_cda_20260621_161722.json
cda,videomae,lora,sourceâ†’target pair (single split),PD-GaM â†’ BMClab,,893.0,,,0.4033,,0.4033,,0.379,,0.4249,,0.6637,,0.1433,,0.2596,,outputs/runs/full_2026-06-18/results/cda/videomae_lora/results_videomae_cda_20260621_161722.json
cda,videomae,lora,sourceâ†’target pair (single split),PD-GaM â†’ T-SDU-PD,,931.0,,,0.4084,,0.4084,,0.397,,0.4042,,1.0052,,0.0735,,0.2535,,outputs/runs/full_2026-06-18/results/cda/videomae_lora/results_videomae_cda_20260621_161722.json
cda,videomae,lora,sourceâ†’target pair (single split),T-SDU-PD â†’ 3DGait,,210.0,,,0.2379,,0.3172,,0.3287,,0.3556,,0.9333,,0.0685,,0.1631,,outputs/runs/full_2026-06-18/results/cda/videomae_lora/results_videomae_cda_20260621_161722.json
cda,videomae,lora,sourceâ†’target pair (single split),T-SDU-PD â†’ BMClab,,893.0,,,0.4335,,0.4335,,0.4557,,0.4403,,0.8395,,0.1608,,0.2525,,outputs/runs/full_2026-06-18/results/cda/videomae_lora/results_videomae_cda_20260621_161722.json
cda,videomae,lora,sourceâ†’target pair (single split),T-SDU-PD â†’ PD-GaM,,2401.0,,,0.2357,,0.3142,,0.3031,,0.4006,,0.8653,,0.2606,,0.426,,outputs/runs/full_2026-06-18/results/cda/videomae_lora/results_videomae_cda_20260621_161722.json
cda,dinov2,default,sourceâ†’target pair (single split),3DGait â†’ BMClab,,893.0,,,0.4522,,0.4522,,0.4619,,0.4763,,0.9012,,0.1638,,0.2719,,outputs/runs/full_2026-06-18/results/cda/dinov2/results_dinov2_cda_20260618_183250.json
cda,dinov2,default,sourceâ†’target pair (single split),3DGait â†’ PD-GaM,,2401.0,,,0.3241,,0.3324,,0.4137,,0.4476,,0.8959,,0.0548,,0.0384,,outputs/runs/full_2026-06-18/results/cda/dinov2/results_dinov2_cda_20260618_183250.json
cda,dinov2,default,sourceâ†’target pair (single split),3DGait â†’ T-SDU-PD,,931.0,,,0.221,,0.2946,,0.2942,,0.3255,,0.7717,,0.2201,,0.2721,,outputs/runs/full_2026-06-18/results/cda/dinov2/results_dinov2_cda_20260618_183250.json
cda,dinov2,default,sourceâ†’target pair (single split),BMClab â†’ 3DGait,,210.0,,,0.2811,,0.3748,,0.3474,,0.3556,,1.1,,0.0956,,0.0285,,outputs/runs/full_2026-06-18/results/cda/dinov2/results_dinov2_cda_20260618_183250.json
cda,dinov2,default,sourceâ†’target pair (single split),BMClab â†’ PD-GaM,,2401.0,,,0.3283,,0.4377,,0.4764,,0.51,,0.7159,,0.1366,,0.0165,,outputs/runs/full_2026-06-18/results/cda/dinov2/results_dinov2_cda_20260618_183250.json
cda,dinov2,default,sourceâ†’target pair (single split),BMClab â†’ T-SDU-PD,,931.0,,,0.3901,,0.3901,,0.4107,,0.4147,,1.1286,,-0.0119,,0.0544,,outputs/runs/full_2026-06-18/results/cda/dinov2/results_dinov2_cda_20260618_183250.json
cda,dinov2,default,sourceâ†’target pair (single split),PD-GaM â†’ 3DGait,,210.0,,,0.2301,,0.1314,,0.1604,,0.2222,,1.2333,,0.0047,,0.0001,,outputs/runs/full_2026-06-18/results/cda/dinov2/results_dinov2_cda_20260618_183250.json
cda,dinov2,default,sourceâ†’target pair (single split),PD-GaM â†’ BMClab,,893.0,,,0.193,,0.2574,,0.2185,,0.2978,,1.1836,,0.0555,,0.3294,,outputs/runs/full_2026-06-18/results/cda/dinov2/results_dinov2_cda_20260618_183250.json
cda,dinov2,default,sourceâ†’target pair (single split),PD-GaM â†’ T-SDU-PD,,931.0,,,0.1748,,0.2331,,0.2949,,0.4147,,0.8635,,0.1065,,0.2543,,outputs/runs/full_2026-06-18/results/cda/dinov2/results_dinov2_cda_20260618_183250.json
cda,dinov2,default,sourceâ†’target pair (single split),T-SDU-PD â†’ 3DGait,,210.0,,,0.2284,,0.3046,,0.3048,,0.3222,,0.7889,,0.064,,0.1374,,outputs/runs/full_2026-06-18/results/cda/dinov2/results_dinov2_cda_20260618_183250.json
cda,dinov2,default,sourceâ†’target pair (single split),T-SDU-PD â†’ BMClab,,893.0,,,0.4089,,0.4089,,0.4373,,0.457,,0.5148,,0.3916,,0.4428,,outputs/runs/full_2026-06-18/results/cda/dinov2/results_dinov2_cda_20260618_183250.json
cda,dinov2,default,sourceâ†’target pair (single split),T-SDU-PD â†’ PD-GaM,,2401.0,,,0.2249,,0.2999,,0.352,,0.4818,,0.6929,,0.1254,,0.0133,,outputs/runs/full_2026-06-18/results/cda/dinov2/results_dinov2_cda_20260618_183250.json
cda,dinov2,bilstm,sourceâ†’target pair (single split),3DGait â†’ BMClab,,893.0,,,0.2808,,0.3744,,0.4196,,0.5045,,0.6149,,0.2888,,0.3903,,outputs/runs/full_2026-06-18/results/cda/dinov2_bilstm/results_dinov2_cda_bilstm_20260618_183339.json
cda,dinov2,bilstm,sourceâ†’target pair (single split),3DGait â†’ PD-GaM,,2401.0,,,0.2438,,0.2549,,0.31,,0.3918,,0.6659,,0.3012,,0.3974,,outputs/runs/full_2026-06-18/results/cda/dinov2_bilstm/results_dinov2_cda_bilstm_20260618_183339.json
cda,dinov2,bilstm,sourceâ†’target pair (single split),3DGait â†’ T-SDU-PD,,931.0,,,0.3228,,0.3228,,0.282,,0.3701,,0.6929,,0.1879,,0.3944,,outputs/runs/full_2026-06-18/results/cda/dinov2_bilstm/results_dinov2_cda_bilstm_20260618_183339.json
cda,dinov2,bilstm,sourceâ†’target pair (single split),BMClab â†’ 3DGait,,210.0,,,0.256,,0.3413,,0.3212,,0.3222,,0.8,,0.2818,,0.3029,,outputs/runs/full_2026-06-18/results/cda/dinov2_bilstm/results_dinov2_cda_bilstm_20260618_183339.json
cda,dinov2,bilstm,sourceâ†’target pair (single split),BMClab â†’ PD-GaM,,2401.0,,,0.2936,,0.3915,,0.4054,,0.5212,,0.5594,,0.401,,0.6199,,outputs/runs/full_2026-06-18/results/cda/dinov2_bilstm/results_dinov2_cda_bilstm_20260618_183339.json
cda,dinov2,bilstm,sourceâ†’target pair (single split),BMClab â†’ T-SDU-PD,,931.0,,,0.457,,0.457,,0.4598,,0.4672,,0.6483,,0.3581,,0.325,,outputs/runs/full_2026-06-18/results/cda/dinov2_bilstm/results_dinov2_cda_bilstm_20260618_183339.json
cda,dinov2,bilstm,sourceâ†’target pair (single split),PD-GaM â†’ 3DGait,,210.0,,,0.1629,,0.1061,,0.0865,,0.2,,1.1556,,0.0612,,0.3258,,outputs/runs/full_2026-06-18/results/cda/dinov2_bilstm/results_dinov2_cda_bilstm_20260618_183339.json
cda,dinov2,bilstm,sourceâ†’target pair (single split),PD-GaM â†’ BMClab,,893.0,,,0.1644,,0.2192,,0.1893,,0.2426,,0.9564,,0.2179,,0.5539,,outputs/runs/full_2026-06-18/results/cda/dinov2_bilstm/results_dinov2_cda_bilstm_20260618_183339.json
cda,dinov2,bilstm,sourceâ†’target pair (single split),PD-GaM â†’ T-SDU-PD,,931.0,,,0.1844,,0.2459,,0.3075,,0.4357,,0.7953,,0.0572,,0.3239,,outputs/runs/full_2026-06-18/results/cda/dinov2_bilstm/results_dinov2_cda_bilstm_20260618_183339.json
cda,dinov2,bilstm,sourceâ†’target pair (single split),T-SDU-PD â†’ 3DGait,,210.0,,,0.2107,,0.281,,0.2342,,0.3,,0.8778,,0.3002,,0.4412,,outputs/runs/full_2026-06-18/results/cda/dinov2_bilstm/results_dinov2_cda_bilstm_20260618_183339.json
cda,dinov2,bilstm,sourceâ†’target pair (single split),T-SDU-PD â†’ BMClab,,893.0,,,0.3161,,0.3161,,0.3596,,0.4352,,0.697,,0.1737,,0.2409,,outputs/runs/full_2026-06-18/results/cda/dinov2_bilstm/results_dinov2_cda_bilstm_20260618_183339.json
cda,dinov2,bilstm,sourceâ†’target pair (single split),T-SDU-PD â†’ PD-GaM,,2401.0,,,0.2432,,0.3242,,0.3849,,0.4888,,0.6324,,0.2145,,0.3499,,outputs/runs/full_2026-06-18/results/cda/dinov2_bilstm/results_dinov2_cda_bilstm_20260618_183339.json
cda,vjepa,default,sourceâ†’target pair (single split),3DGait â†’ BMClab,,893.0,,,0.3487,,0.465,,0.474,,0.466,,0.5854,,0.4531,,0.4442,,outputs/runs/full_2026-06-18/results/cda/vjepa/results_vjepa_cda_20260618_183159.json
cda,vjepa,default,sourceâ†’target pair (single split),3DGait â†’ PD-GaM,,2401.0,,,0.3534,,0.3478,,0.4407,,0.48,,0.6024,,0.3557,,0.3789,,outputs/runs/full_2026-06-18/results/cda/vjepa/results_vjepa_cda_20260618_183159.json
cda,vjepa,default,sourceâ†’target pair (single split),3DGait â†’ T-SDU-PD,,931.0,,,0.2702,,0.3603,,0.3337,,0.3701,,0.7795,,0.253,,0.3004,,outputs/runs/full_2026-06-18/results/cda/vjepa/results_vjepa_cda_20260618_183159.json
cda,vjepa,default,sourceâ†’target pair (single split),BMClab â†’ 3DGait,,210.0,,,0.3576,,0.4768,,0.4253,,0.4444,,0.8556,,0.1556,,0.2569,,outputs/runs/full_2026-06-18/results/cda/vjepa/results_vjepa_cda_20260618_183159.json
cda,vjepa,default,sourceâ†’target pair (single split),BMClab â†’ PD-GaM,,2401.0,,,0.2806,,0.3742,,0.3724,,0.5088,,0.7253,,0.0,,0.299,,outputs/runs/full_2026-06-18/results/cda/vjepa/results_vjepa_cda_20260618_183159.json
cda,vjepa,default,sourceâ†’target pair (single split),BMClab â†’ T-SDU-PD,,931.0,,,0.4418,,0.4418,,0.4553,,0.4698,,0.8294,,0.1868,,0.1834,,outputs/runs/full_2026-06-18/results/cda/vjepa/results_vjepa_cda_20260618_183159.json
cda,vjepa,default,sourceâ†’target pair (single split),PD-GaM â†’ 3DGait,,210.0,,,0.2353,,0.3138,,0.2251,,0.3,,0.7222,,0.331,,0.476,,outputs/runs/full_2026-06-18/results/cda/vjepa/results_vjepa_cda_20260618_183159.json
cda,vjepa,default,sourceâ†’target pair (single split),PD-GaM â†’ BMClab,,893.0,,,0.3807,,0.3807,,0.3893,,0.4377,,0.5327,,0.3392,,0.4701,,outputs/runs/full_2026-06-18/results/cda/vjepa/results_vjepa_cda_20260618_183159.json
cda,vjepa,default,sourceâ†’target pair (single split),PD-GaM â†’ T-SDU-PD,,931.0,,,0.3882,,0.3882,,0.4051,,0.4698,,1.0105,,0.0839,,0.3335,,outputs/runs/full_2026-06-18/results/cda/vjepa/results_vjepa_cda_20260618_183159.json
cda,vjepa,default,sourceâ†’target pair (single split),T-SDU-PD â†’ 3DGait,,210.0,,,0.3429,,0.4573,,0.4444,,0.4444,,1.0,,0.1337,,0.1645,,outputs/runs/full_2026-06-18/results/cda/vjepa/results_vjepa_cda_20260618_183159.json
cda,vjepa,default,sourceâ†’target pair (single split),T-SDU-PD â†’ BMClab,,893.0,,,0.4649,,0.4649,,0.4821,,0.475,,0.7574,,0.162,,0.2042,,outputs/runs/full_2026-06-18/results/cda/vjepa/results_vjepa_cda_20260618_183159.json
cda,vjepa,default,sourceâ†’target pair (single split),T-SDU-PD â†’ PD-GaM,,2401.0,,,0.1641,,0.2188,,0.295,,0.4618,,2.2747,,0.0,,0.0403,,outputs/runs/full_2026-06-18/results/cda/vjepa/results_vjepa_cda_20260618_183159.json
cda,vjepa2,default,sourceâ†’target pair (single split),3DGait â†’ BMClab,,893.0,,,0.3934,,0.5246,,0.5395,,0.5738,,0.4685,,0.4681,,0.5361,,outputs/runs/full_2026-06-18/results/cda/vjepa2/results_vjepa_cda_20260624_144335.json
cda,vjepa2,default,sourceâ†’target pair (single split),3DGait â†’ PD-GaM,,2401.0,,,0.4674,,0.4175,,0.5368,,0.5765,,0.5424,,0.389,,0.6075,,outputs/runs/full_2026-06-18/results/cda/vjepa2/results_vjepa_cda_20260624_144335.json
cda,vjepa2,default,sourceâ†’target pair (single split),3DGait â†’ T-SDU-PD,,931.0,,,0.262,,0.3493,,0.3123,,0.3727,,0.7795,,0.2445,,0.3762,,outputs/runs/full_2026-06-18/results/cda/vjepa2/results_vjepa_cda_20260624_144335.json
cda,vjepa2,default,sourceâ†’target pair (single split),BMClab â†’ 3DGait,,210.0,,,0.412,,0.5493,,0.5275,,0.5444,,0.7222,,0.3602,,0.4834,,outputs/runs/full_2026-06-18/results/cda/vjepa2/results_vjepa_cda_20260624_144335.json
cda,vjepa2,default,sourceâ†’target pair (single split),BMClab â†’ PD-GaM,,2401.0,,,0.2596,,0.3462,,0.3872,,0.4788,,0.7206,,0.3045,,0.3616,,outputs/runs/full_2026-06-18/results/cda/vjepa2/results_vjepa_cda_20260624_144335.json
cda,vjepa2,default,sourceâ†’target pair (single split),BMClab â†’ T-SDU-PD,,931.0,,,0.4028,,0.4028,,0.3781,,0.4094,,0.895,,0.2908,,0.2909,,outputs/runs/full_2026-06-18/results/cda/vjepa2/results_vjepa_cda_20260624_144335.json
cda,vjepa2,default,sourceâ†’target pair (single split),PD-GaM â†’ 3DGait,,210.0,,,0.2099,,0.2799,,0.2361,,0.2667,,0.8111,,0.277,,0.4401,,outputs/runs/full_2026-06-18/results/cda/vjepa2/results_vjepa_cda_20260624_144335.json
cda,vjepa2,default,sourceâ†’target pair (single split),PD-GaM â†’ BMClab,,893.0,,,0.1701,,0.1701,,0.1302,,0.2349,,1.1926,,0.072,,0.2697,,outputs/runs/full_2026-06-18/results/cda/vjepa2/results_vjepa_cda_20260624_144335.json
cda,vjepa2,default,sourceâ†’target pair (single split),PD-GaM â†’ T-SDU-PD,,931.0,,,0.4383,,0.4383,,0.4542,,0.4672,,0.6535,,0.2941,,0.3457,,outputs/runs/full_2026-06-18/results/cda/vjepa2/results_vjepa_cda_20260624_144335.json
cda,vjepa2,default,sourceâ†’target pair (single split),T-SDU-PD â†’ 3DGait,,210.0,,,0.3337,,0.445,,0.421,,0.4333,,0.7222,,0.2269,,0.2304,,outputs/runs/full_2026-06-18/results/cda/vjepa2/results_vjepa_cda_20260624_144335.json
cda,vjepa2,default,sourceâ†’target pair (single split),T-SDU-PD â†’ BMClab,,893.0,,,0.4437,,0.4437,,0.4614,,0.4647,,0.7689,,0.1706,,0.2743,,outputs/runs/full_2026-06-18/results/cda/vjepa2/results_vjepa_cda_20260624_144335.json
cda,vjepa2,default,sourceâ†’target pair (single split),T-SDU-PD â†’ PD-GaM,,2401.0,,,0.3108,,0.4144,,0.4294,,0.4253,,0.6765,,0.1564,,0.2697,,outputs/runs/full_2026-06-18/results/cda/vjepa2/results_vjepa_cda_20260624_144335.json
cda,vjepa2,64f,sourceâ†’target pair (single split),3DGait â†’ BMClab,,893.0,,,0.3872,,0.5162,,0.5344,,0.5507,,0.5944,,0.3852,,0.4159,,outputs/runs/full_2026-06-18/results/cda/vjepa2_64f/results_vjepa_cda_20260618_183228.json
cda,vjepa2,64f,sourceâ†’target pair (single split),3DGait â†’ PD-GaM,,2401.0,,,0.4349,,0.3903,,0.5009,,0.5406,,0.5912,,0.4018,,0.6227,,outputs/runs/full_2026-06-18/results/cda/vjepa2_64f/results_vjepa_cda_20260618_183228.json
cda,vjepa2,64f,sourceâ†’target pair (single split),3DGait â†’ T-SDU-PD,,931.0,,,0.2484,,0.3312,,0.2958,,0.3596,,0.8556,,0.1729,,0.3596,,outputs/runs/full_2026-06-18/results/cda/vjepa2_64f/results_vjepa_cda_20260618_183228.json
cda,vjepa2,64f,sourceâ†’target pair (single split),BMClab â†’ 3DGait,,210.0,,,0.1981,,0.2641,,0.3236,,0.4444,,0.7556,,0.3412,,0.311,,outputs/runs/full_2026-06-18/results/cda/vjepa2_64f/results_vjepa_cda_20260618_183228.json
cda,vjepa2,64f,sourceâ†’target pair (single split),BMClab â†’ PD-GaM,,2401.0,,,0.1499,,0.1999,,0.1894,,0.2247,,0.7953,,-0.0162,,-0.1478,,outputs/runs/full_2026-06-18/results/cda/vjepa2_64f/results_vjepa_cda_20260618_183228.json
cda,vjepa2,64f,sourceâ†’target pair (single split),BMClab â†’ T-SDU-PD,,931.0,,,0.2006,,0.2006,,0.1981,,0.3123,,1.063,,0.0064,,0.032,,outputs/runs/full_2026-06-18/results/cda/vjepa2_64f/results_vjepa_cda_20260618_183228.json
cda,vjepa2,64f,sourceâ†’target pair (single split),PD-GaM â†’ 3DGait,,210.0,,,0.2585,,0.3447,,0.3683,,0.4556,,1.2222,,0.1312,,0.4077,,outputs/runs/full_2026-06-18/results/cda/vjepa2_64f/results_vjepa_cda_20260618_183228.json
cda,vjepa2,64f,sourceâ†’target pair (single split),PD-GaM â†’ BMClab,,893.0,,,0.2105,,0.2105,,0.1769,,0.2542,,1.285,,0.0762,,0.326,,outputs/runs/full_2026-06-18/results/cda/vjepa2_64f/results_vjepa_cda_20260618_183228.json
cda,vjepa2,64f,sourceâ†’target pair (single split),PD-GaM â†’ T-SDU-PD,,931.0,,,0.2176,,0.2176,,0.228,,0.3228,,0.7297,,0.2945,,0.2756,,outputs/runs/full_2026-06-18/results/cda/vjepa2_64f/results_vjepa_cda_20260618_183228.json
cda,vjepa2,64f,sourceâ†’target pair (single split),T-SDU-PD â†’ 3DGait,,210.0,,,0.279,,0.372,,0.3525,,0.3778,,0.6778,,0.3839,,0.4734,,outputs/runs/full_2026-06-18/results/cda/vjepa2_64f/results_vjepa_cda_20260618_183228.json
cda,vjepa2,64f,sourceâ†’target pair (single split),T-SDU-PD â†’ BMClab,,893.0,,,0.4216,,0.4216,,0.4389,,0.4249,,0.8896,,0.1602,,0.3637,,outputs/runs/full_2026-06-18/results/cda/vjepa2_64f/results_vjepa_cda_20260618_183228.json
cda,vjepa2,64f,sourceâ†’target pair (single split),T-SDU-PD â†’ PD-GaM,,2401.0,,,0.2351,,0.3134,,0.3227,,0.3776,,1.34,,0.1212,,0.4425,,outputs/runs/full_2026-06-18/results/cda/vjepa2_64f/results_vjepa_cda_20260618_183228.json
mida,videomae,default,dataset (LOSO-fold-aggregated),3DGait,43.0,210.0,43.0,,0.3703,0.4193,0.4937,0.4065,0.4627,0.4191,0.4778,0.4105,0.5667,0.4656,0.4831,0.2583,0.5691,,outputs/runs/full_2026-06-18/results/mida/videomae/results_videomae_mida_20260618_163801.json
mida,videomae,default,dataset (LOSO-fold-aggregated),BMClab,23.0,893.0,23.0,,0.6165,0.2274,0.6165,0.2743,0.6377,0.2741,0.6406,0.2746,0.457,0.3221,0.4648,0.1331,0.5078,,outputs/runs/full_2026-06-18/results/mida/videomae/results_videomae_mida_20260618_163801.json
mida,videomae,default,dataset (LOSO-fold-aggregated),PD-GaM,30.0,2401.0,30.0,,0.6015,0.152,0.6097,0.1473,0.6412,0.1487,0.6441,0.1443,0.4135,0.1584,0.5816,0.2315,0.6035,,outputs/runs/full_2026-06-18/results/mida/videomae/results_videomae_mida_20260618_163801.json
mida,videomae,default,dataset (LOSO-fold-aggregated),T-SDU-PD,14.0,931.0,14.0,,0.4258,0.1151,0.4258,0.2448,0.4299,0.2392,0.4304,0.2225,0.6745,0.3224,0.2513,0.1264,0.3372,,outputs/runs/full_2026-06-18/results/mida/videomae/results_videomae_mida_20260618_163801.json
mida,videomae,lora,dataset (LOSO-fold-aggregated),3DGait,43.0,210.0,43.0,,0.4166,0.4033,0.4949,0.3881,0.4819,0.397,0.4889,0.3923,0.5333,0.4473,0.5182,0.2466,0.605,,outputs/runs/full_2026-06-18/results/mida/videomae_lora/results_videomae_mida_20260621_161630.json
mida,videomae,lora,dataset (LOSO-fold-aggregated),BMClab,23.0,893.0,23.0,,0.5997,0.2286,0.5997,0.2704,0.6233,0.2702,0.6252,0.2726,0.4493,0.3301,0.4606,0.1284,0.5057,,outputs/runs/full_2026-06-18/results/mida/videomae_lora/results_videomae_mida_20260621_161630.json
mida,videomae,lora,dataset (LOSO-fold-aggregated),PD-GaM,30.0,2401.0,30.0,,0.5926,0.1253,0.5889,0.1386,0.6197,0.1421,0.6212,0.1364,0.44,0.1563,0.5569,0.2451,0.5892,,outputs/runs/full_2026-06-18/results/mida/videomae_lora/results_videomae_mida_20260621_161630.json
mida,videomae,lora,dataset (LOSO-fold-aggregated),T-SDU-PD,14.0,931.0,14.0,,0.3267,0.1134,0.4356,0.2517,0.4368,0.2418,0.4357,0.2297,0.6693,0.291,0.2549,0.1022,0.3811,,outputs/runs/full_2026-06-18/results/mida/videomae_lora/results_videomae_mida_20260621_161630.json
mida,dinov2,default,dataset (LOSO-fold-aggregated),3DGait,43.0,210.0,43.0,,0.2635,0.3443,0.3513,0.3801,0.3411,0.3806,0.3444,0.3591,0.6667,0.4107,0.3597,0.1406,0.4063,,outputs/runs/full_2026-06-18/results/mida/dinov2/results_dinov2_mida_20260618_172127.json
mida,dinov2,default,dataset (LOSO-fold-aggregated),BMClab,23.0,893.0,23.0,,0.6111,0.2738,0.6111,0.342,0.6448,0.3398,0.6496,0.3248,0.4249,0.2929,0.5155,0.2252,0.6004,,outputs/runs/full_2026-06-18/results/mida/dinov2/results_dinov2_mida_20260618_172127.json
mida,dinov2,default,dataset (LOSO-fold-aggregated),PD-GaM,30.0,2401.0,30.0,,0.5855,0.153,0.5976,0.1564,0.6385,0.1501,0.6441,0.1516,0.3994,0.1625,0.6009,0.2248,0.6415,,outputs/runs/full_2026-06-18/results/mida/dinov2/results_dinov2_mida_20260618_172127.json
mida,dinov2,default,dataset (LOSO-fold-aggregated),T-SDU-PD,14.0,931.0,14.0,,0.3592,0.2115,0.4789,0.2646,0.4841,0.243,0.4934,0.2381,0.5958,0.2352,0.3586,0.095,0.4448,,outputs/runs/full_2026-06-18/results/mida/dinov2/results_dinov2_mida_20260618_172127.json
mida,dinov2,bilstm,dataset (LOSO-fold-aggregated),3DGait,43.0,210.0,43.0,,0.3296,0.3406,0.3343,0.3632,0.363,0.3677,0.3556,0.3551,0.7778,0.6018,0.3318,0.3366,0.4124,,outputs/runs/full_2026-06-18/results/mida/dinov2_bilstm/results_dinov2_mida_bilstm_20260618_182502.json
mida,dinov2,bilstm,dataset (LOSO-fold-aggregated),BMClab,23.0,893.0,23.0,,0.5461,0.2638,0.5461,0.3138,0.5671,0.3117,0.5687,0.3253,0.475,0.3877,0.4976,0.2726,0.4747,,outputs/runs/full_2026-06-18/results/mida/dinov2_bilstm/results_dinov2_mida_bilstm_20260618_182502.json
mida,dinov2,bilstm,dataset (LOSO-fold-aggregated),PD-GaM,30.0,2401.0,30.0,,0.621,0.1924,0.6196,0.1857,0.6665,0.1763,0.6741,0.169,0.3329,0.1754,0.6915,0.2943,0.7027,,outputs/runs/full_2026-06-18/results/mida/dinov2_bilstm/results_dinov2_mida_bilstm_20260618_182502.json
mida,dinov2,bilstm,dataset (LOSO-fold-aggregated),T-SDU-PD,14.0,931.0,14.0,,0.3288,0.1467,0.4383,0.2598,0.4403,0.2439,0.4252,0.2318,0.622,0.2547,0.4092,0.1142,0.4041,,outputs/runs/full_2026-06-18/results/mida/dinov2_bilstm/results_dinov2_mida_bilstm_20260618_182502.json
mida,vjepa,default,dataset (LOSO-fold-aggregated),3DGait,43.0,210.0,43.0,,0.4023,0.3806,0.5364,0.3524,0.4996,0.3753,0.5111,0.364,0.5889,0.4655,0.4685,0.3433,0.5969,,outputs/runs/full_2026-06-18/results/mida/vjepa/results_vjepa_mida_20260618_151941.json
mida,vjepa,default,dataset (LOSO-fold-aggregated),BMClab,23.0,893.0,23.0,,0.5936,0.1879,0.5936,0.2486,0.6166,0.2474,0.6187,0.2556,0.4262,0.2736,0.5111,0.1558,0.5812,,outputs/runs/full_2026-06-18/results/mida/vjepa/results_vjepa_mida_20260618_151941.json
mida,vjepa,default,dataset (LOSO-fold-aggregated),PD-GaM,30.0,2401.0,30.0,,0.5667,0.1382,0.5859,0.135,0.6147,0.1385,0.6176,0.1329,0.4047,0.1258,0.5796,0.2262,0.6102,,outputs/runs/full_2026-06-18/results/mida/vjepa/results_vjepa_mida_20260618_151941.json
mida,vjepa,default,dataset (LOSO-fold-aggregated),T-SDU-PD,14.0,931.0,14.0,,0.3451,0.1134,0.4601,0.2343,0.4788,0.2269,0.4698,0.2112,0.6247,0.2813,0.2692,0.1282,0.3941,,outputs/runs/full_2026-06-18/results/mida/vjepa/results_vjepa_mida_20260618_151941.json
mida,vjepa2,default,dataset (LOSO-fold-aggregated),3DGait,43.0,210.0,43.0,,0.4045,0.3836,0.488,0.3795,0.4842,0.387,0.4889,0.3774,0.5667,0.5433,0.4507,0.3727,0.4948,,outputs/runs/full_2026-06-18/results/mida/vjepa2/results_vjepa_mida_20260624_144112.json
mida,vjepa2,default,dataset (LOSO-fold-aggregated),BMClab,23.0,893.0,23.0,,0.6122,0.2325,0.6122,0.2828,0.6288,0.2804,0.6316,0.2781,0.4493,0.3144,0.492,0.1372,0.5594,,outputs/runs/full_2026-06-18/results/mida/vjepa2/results_vjepa_mida_20260624_144112.json
mida,vjepa2,default,dataset (LOSO-fold-aggregated),PD-GaM,30.0,2401.0,30.0,,0.6408,0.168,0.6015,0.1622,0.634,0.159,0.6365,0.1519,0.3718,0.1548,0.6314,0.2262,0.6482,,outputs/runs/full_2026-06-18/results/mida/vjepa2/results_vjepa_mida_20260624_144112.json
mida,vjepa2,default,dataset (LOSO-fold-aggregated),T-SDU-PD,14.0,931.0,14.0,,0.4647,0.2623,0.4647,0.2566,0.4727,0.2328,0.4724,0.2583,0.5958,0.236,0.3792,0.136,0.4127,,outputs/runs/full_2026-06-18/results/mida/vjepa2/results_vjepa_mida_20260624_144112.json
mida,vjepa2,64f,dataset (LOSO-fold-aggregated),3DGait,43.0,210.0,43.0,,0.4315,0.3903,0.5198,0.3694,0.5067,0.3811,0.5111,0.3733,0.5889,0.3956,0.4806,0.2255,0.6084,,outputs/runs/full_2026-06-18/results/mida/vjepa2_64f/results_vjepa_mida_20260618_163030.json
mida,vjepa2,64f,dataset (LOSO-fold-aggregated),BMClab,23.0,893.0,23.0,,0.6179,0.2327,0.6179,0.2933,0.64,0.2917,0.6418,0.2859,0.4211,0.3058,0.5216,0.1953,0.5832,,outputs/runs/full_2026-06-18/results/mida/vjepa2_64f/results_vjepa_mida_20260618_163030.json
mida,vjepa2,64f,dataset (LOSO-fold-aggregated),PD-GaM,30.0,2401.0,30.0,,0.6218,0.1589,0.6256,0.1571,0.6581,0.1513,0.6629,0.1476,0.35,0.1458,0.6641,0.2214,0.6674,,outputs/runs/full_2026-06-18/results/mida/vjepa2_64f/results_vjepa_mida_20260618_163030.json
mida,vjepa2,64f,dataset (LOSO-fold-aggregated),T-SDU-PD,14.0,931.0,14.0,,0.4264,0.1263,0.4264,0.264,0.4366,0.2577,0.4331,0.2386,0.6273,0.2676,0.3208,0.1172,0.4601,,outputs/runs/full_2026-06-18/results/mida/vjepa2_64f/results_vjepa_mida_20260618_163030.json
